,convergent,divergent,neogauge
0,0.17676767676767677,0.9937710437710437,0.17676767676767677
1,0.04040404040404041,0.9956709956709956,0.04040404040404041
2,0.015228426395939087,0.9898477157360406,0.015228426395939087
3,0.0051813471502590676,0.9744633604737231,0.0051813471502590676
4,0.0,1.0,0.0
5,0.0,0.9948453608247423,0.0
